Unidad;
Área ;
Bits x segundo;
Bytes;
Centímetros cúbicos;
Día;
Galones;
Hectáreas;
Héctareas;
Horas;
Kilogramos;
Kilómetros;
Kilómetros carril;
Kilómetros cuadrados;
Kilovatios;
Litros;
Longitud;
Megavatio;
Mes;
Metros ;
Metros cuadrados;
Metros cúbicos;
Metros lineales;
Millas náuticas;
Millones;
Millones de pesos;
Minutos;
Número;
Número de mecanismos;
Peso m/c;
Pesos;
Porcentaje;
Puntaje;
Semana;
Toneladas;
Unidad;
Volúmen;
;
;
;
;
;
;
;
;
;
;
;
;
;
;
;
;
;
;
;
;
;
;
;
;
;
;
;
;
;
;
;
;
;
;
;
;
;
;
;
;
;
;
;
;
;
;
;
;
;
;
;
;
;
;
;
;
;
;
;
;
;
;
;
;
;
;
;
;
;
;
;
;
;
;
;
;
;
;
;
;
;
;
;
;
;
;
;
;
;
;
;
;
;
;
;
;
;
;
;
;
;
;
;
;
;
;
;
;
;
;
;
;
;
;
;
;
;
